BEGIN
EXECUTE IMMEDIATE 'CREATE TABLE
"mtots_Accounts" (
    "Id" NUMBER(10) GENERATED BY DEFAULT ON NULL AS IDENTITY NOT NULL,
    "Name" NVARCHAR2(255) NOT NULL,
    "Password" NVARCHAR2(255) NOT NULL,
    "PremiumUntil" TIMESTAMP(7),
    CONSTRAINT "PK_mtots_Accounts" PRIMARY KEY ("Id")
)';
END;
/

BEGIN
EXECUTE IMMEDIATE 'CREATE TABLE
"mtots_Motd" (
    "Id" NUMBER(10) GENERATED BY DEFAULT ON NULL AS IDENTITY NOT NULL,
    "Message" NVARCHAR2(255) NOT NULL,
    CONSTRAINT "PK_mtots_Motd" PRIMARY KEY ("Id")
)';
END;
/

BEGIN
EXECUTE IMMEDIATE 'CREATE TABLE
"mtots_ServerStorages" (
    "Key" NVARCHAR2(255) NOT NULL,
    "Value" NVARCHAR2(255) NOT NULL,
    CONSTRAINT "PK_mtots_ServerStorages" PRIMARY KEY ("Key")
)';
END;
/

BEGIN
EXECUTE IMMEDIATE 'CREATE TABLE
"mtots_Worlds" (
    "Id" NUMBER(10) GENERATED BY DEFAULT ON NULL AS IDENTITY NOT NULL,
    "Name" NVARCHAR2(255) NOT NULL,
    "Ip" NVARCHAR2(255) NOT NULL,
    "Port" NUMBER(10) NOT NULL,
    CONSTRAINT "PK_mtots_Worlds" PRIMARY KEY ("Id")
)';
END;
/

BEGIN
EXECUTE IMMEDIATE 'CREATE TABLE
"mtots_Players" (
    "Id" NUMBER(10) GENERATED BY DEFAULT ON NULL AS IDENTITY NOT NULL,
    "AccountId" NUMBER(10) NOT NULL,
    "WorldId" NUMBER(10) NOT NULL,
    "Name" NVARCHAR2(255) NOT NULL,
    "Health" NUMBER(10) NOT NULL,
    "MaxHealth" NUMBER(10) NOT NULL,
    "Direction" NUMBER(10) NOT NULL,
    "BaseOutfitItemId" NUMBER(10) NOT NULL,
    "BaseOutfitId" NUMBER(10) NOT NULL,
    "BaseOutfitHead" NUMBER(10) NOT NULL,
    "BaseOutfitBody" NUMBER(10) NOT NULL,
    "BaseOutfitLegs" NUMBER(10) NOT NULL,
    "BaseOutfitFeet" NUMBER(10) NOT NULL,
    "BaseOutfitAddon" NUMBER(10) NOT NULL,
    "BaseOutfitMount" NUMBER(10) NOT NULL,
    "BaseSpeed" NUMBER(10) NOT NULL,
    "Invisible" NUMBER(1) NOT NULL,
    "SkillMagicLevel" NUMBER(10) NOT NULL,
    "SkillMagicLevelPoints" NUMBER(19) NOT NULL,
    "SkillFist" NUMBER(10) NOT NULL,
    "SkillFistPoints" NUMBER(19) NOT NULL,
    "SkillClub" NUMBER(10) NOT NULL,
    "SkillClubPoints" NUMBER(19) NOT NULL,
    "SkillSword" NUMBER(10) NOT NULL,
    "SkillSwordPoints" NUMBER(19) NOT NULL,
    "SkillAxe" NUMBER(10) NOT NULL,
    "SkillAxePoints" NUMBER(19) NOT NULL,
    "SkillDistance" NUMBER(10) NOT NULL,
    "SkillDistancePoints" NUMBER(19) NOT NULL,
    "SkillShield" NUMBER(10) NOT NULL,
    "SkillShieldPoints" NUMBER(19) NOT NULL,
    "SkillFish" NUMBER(10) NOT NULL,
    "SkillFishPoints" NUMBER(19) NOT NULL,
    "Experience" NUMBER(19) NOT NULL,
    "Level" NUMBER(10) NOT NULL,
    "Mana" NUMBER(10) NOT NULL,
    "MaxMana" NUMBER(10) NOT NULL,
    "Soul" NUMBER(10) NOT NULL,
    "Capacity" NUMBER(10) NOT NULL,
    "MaxCapacity" NUMBER(10) NOT NULL,
    "Stamina" NUMBER(10) NOT NULL,
    "Gender" NUMBER(10) NOT NULL,
    "Vocation" NUMBER(10) NOT NULL,
    "Rank" NUMBER(10) NOT NULL,
    "SpawnX" NUMBER(10) NOT NULL,
    "SpawnY" NUMBER(10) NOT NULL,
    "SpawnZ" NUMBER(10) NOT NULL,
    "TownX" NUMBER(10) NOT NULL,
    "TownY" NUMBER(10) NOT NULL,
    "TownZ" NUMBER(10) NOT NULL,
    "BankAccount" NUMBER(19) NOT NULL,
    CONSTRAINT "PK_mtots_Players" PRIMARY KEY ("Id"),
    CONSTRAINT "FK_mtots_Players_mtots_Accounts_AccountId" FOREIGN KEY ("AccountId") REFERENCES "mtots_Accounts" ("Id") ON DELETE CASCADE,
    CONSTRAINT "FK_mtots_Players_mtots_Worlds_WorldId" FOREIGN KEY ("WorldId") REFERENCES "mtots_Worlds" ("Id") ON DELETE CASCADE
)';
END;
/

BEGIN
EXECUTE IMMEDIATE 'CREATE TABLE
"mtots_Bans" (
    "Id" NUMBER(10) GENERATED BY DEFAULT ON NULL AS IDENTITY NOT NULL,
    "Type" NUMBER(10) NOT NULL,
    "AccountId" NUMBER(10),
    "PlayerId" NUMBER(10),
    "IpAddress" NVARCHAR2(255),
    "Message" NVARCHAR2(255) NOT NULL,
    "CreationDate" TIMESTAMP(7) NOT NULL,
    CONSTRAINT "PK_mtots_Bans" PRIMARY KEY ("Id"),
    CONSTRAINT "FK_mtots_Bans_mtots_Accounts_AccountId" FOREIGN KEY ("AccountId") REFERENCES "mtots_Accounts" ("Id"),
    CONSTRAINT "FK_mtots_Bans_mtots_Players_PlayerId" FOREIGN KEY ("PlayerId") REFERENCES "mtots_Players" ("Id")
)';
END;
/

BEGIN
EXECUTE IMMEDIATE 'CREATE TABLE
"mtots_BugReports" (
    "Id" NUMBER(10) GENERATED BY DEFAULT ON NULL AS IDENTITY NOT NULL,
    "PlayerId" NUMBER(10) NOT NULL,
    "PositionX" NUMBER(10) NOT NULL,
    "PositionY" NUMBER(10) NOT NULL,
    "PositionZ" NUMBER(10) NOT NULL,
    "Message" NVARCHAR2(255) NOT NULL,
    "CreationDate" TIMESTAMP(7) NOT NULL,
    CONSTRAINT "PK_mtots_BugReports" PRIMARY KEY ("Id"),
    CONSTRAINT "FK_mtots_BugReports_mtots_Players_PlayerId" FOREIGN KEY ("PlayerId") REFERENCES "mtots_Players" ("Id") ON DELETE CASCADE
)';
END;
/

BEGIN
EXECUTE IMMEDIATE 'CREATE TABLE
"mtots_DebugAsserts" (
    "Id" NUMBER(10) GENERATED BY DEFAULT ON NULL AS IDENTITY NOT NULL,
    "PlayerId" NUMBER(10) NOT NULL,
    "AssertLine" NVARCHAR2(255) NOT NULL,
    "ReportDate" NVARCHAR2(255) NOT NULL,
    "Description" NVARCHAR2(255) NOT NULL,
    "Comment" NVARCHAR2(255),
    "CreationDate" TIMESTAMP(7) NOT NULL,
    CONSTRAINT "PK_mtots_DebugAsserts" PRIMARY KEY ("Id"),
    CONSTRAINT "FK_mtots_DebugAsserts_mtots_Players_PlayerId" FOREIGN KEY ("PlayerId") REFERENCES "mtots_Players" ("Id") ON DELETE CASCADE
)';
END;
/

BEGIN
EXECUTE IMMEDIATE 'CREATE TABLE
"mtots_Guilds" (
    "Id" NUMBER(10) GENERATED BY DEFAULT ON NULL AS IDENTITY NOT NULL,
    "Name" NVARCHAR2(255) NOT NULL,
    "MessageOfTheDay" NVARCHAR2(255),
    "LeaderId" NUMBER(10) NOT NULL,
    CONSTRAINT "PK_mtots_Guilds" PRIMARY KEY ("Id"),
    CONSTRAINT "FK_mtots_Guilds_mtots_Players_LeaderId" FOREIGN KEY ("LeaderId") REFERENCES "mtots_Players" ("Id") ON DELETE CASCADE
)';
END;
/

BEGIN
EXECUTE IMMEDIATE 'CREATE TABLE
"mtots_Houses" (
    "Id" NUMBER(10) GENERATED BY DEFAULT ON NULL AS IDENTITY NOT NULL,
    "OwnerId" NUMBER(10),
    CONSTRAINT "PK_mtots_Houses" PRIMARY KEY ("Id"),
    CONSTRAINT "FK_mtots_Houses_mtots_Players_OwnerId" FOREIGN KEY ("OwnerId") REFERENCES "mtots_Players" ("Id")
)';
END;
/

BEGIN
EXECUTE IMMEDIATE 'CREATE TABLE
"mtots_PlayerAchievements" (
    "PlayerId" NUMBER(10) NOT NULL,
    "Name" NVARCHAR2(255) NOT NULL,
    CONSTRAINT "PK_mtots_PlayerAchievements" PRIMARY KEY ("PlayerId", "Name"),
    CONSTRAINT "FK_mtots_PlayerAchievements_mtots_Players_PlayerId" FOREIGN KEY ("PlayerId") REFERENCES "mtots_Players" ("Id") ON DELETE CASCADE
)';
END;
/

BEGIN
EXECUTE IMMEDIATE 'CREATE TABLE
"mtots_PlayerBlesses" (
    "PlayerId" NUMBER(10) NOT NULL,
    "Name" NVARCHAR2(255) NOT NULL,
    CONSTRAINT "PK_mtots_PlayerBlesses" PRIMARY KEY ("PlayerId", "Name"),
    CONSTRAINT "FK_mtots_PlayerBlesses_mtots_Players_PlayerId" FOREIGN KEY ("PlayerId") REFERENCES "mtots_Players" ("Id") ON DELETE CASCADE
)';
END;
/

BEGIN
EXECUTE IMMEDIATE 'CREATE TABLE
"mtots_PlayerDeaths" (
    "Id" NUMBER(10) GENERATED BY DEFAULT ON NULL AS IDENTITY NOT NULL,
    "PlayerId" NUMBER(10) NOT NULL,
    "AttackerId" NUMBER(10),
    "Name" NVARCHAR2(255),
    "Level" NUMBER(10) NOT NULL,
    "Unjustified" NUMBER(1) NOT NULL,
    "CreationDate" TIMESTAMP(7) NOT NULL,
    CONSTRAINT "PK_mtots_PlayerDeaths" PRIMARY KEY ("Id"),
    CONSTRAINT "FK_mtots_PlayerDeaths_mtots_Players_AttackerId" FOREIGN KEY ("AttackerId") REFERENCES "mtots_Players" ("Id"),
    CONSTRAINT "FK_mtots_PlayerDeaths_mtots_Players_PlayerId" FOREIGN KEY ("PlayerId") REFERENCES "mtots_Players" ("Id") ON DELETE CASCADE
)';
END;
/

BEGIN
EXECUTE IMMEDIATE 'CREATE TABLE
"mtots_PlayerDepotItems" (
    "PlayerId" NUMBER(10) NOT NULL,
    "SequenceId" NUMBER(10) NOT NULL,
    "ParentId" NUMBER(10) NOT NULL,
    "OpenTibiaId" NUMBER(10) NOT NULL,
    "Count" NUMBER(10) NOT NULL,
    "Attributes" RAW(2000),
    CONSTRAINT "PK_mtots_PlayerDepotItems" PRIMARY KEY ("PlayerId", "SequenceId"),
    CONSTRAINT "FK_mtots_PlayerDepotItems_mtots_Players_PlayerId" FOREIGN KEY ("PlayerId") REFERENCES "mtots_Players" ("Id") ON DELETE CASCADE
)';
END;
/

BEGIN
EXECUTE IMMEDIATE 'CREATE TABLE
"mtots_PlayerItems" (
    "PlayerId" NUMBER(10) NOT NULL,
    "SequenceId" NUMBER(10) NOT NULL,
    "ParentId" NUMBER(10) NOT NULL,
    "OpenTibiaId" NUMBER(10) NOT NULL,
    "Count" NUMBER(10) NOT NULL,
    "Attributes" RAW(2000),
    CONSTRAINT "PK_mtots_PlayerItems" PRIMARY KEY ("PlayerId", "SequenceId"),
    CONSTRAINT "FK_mtots_PlayerItems_mtots_Players_PlayerId" FOREIGN KEY ("PlayerId") REFERENCES "mtots_Players" ("Id") ON DELETE CASCADE
)';
END;
/

BEGIN
EXECUTE IMMEDIATE 'CREATE TABLE
"mtots_PlayerKills" (
    "Id" NUMBER(10) GENERATED BY DEFAULT ON NULL AS IDENTITY NOT NULL,
    "PlayerId" NUMBER(10) NOT NULL,
    "TargetId" NUMBER(10) NOT NULL,
    "Unjustified" NUMBER(1) NOT NULL,
    "CreationDate" TIMESTAMP(7) NOT NULL,
    CONSTRAINT "PK_mtots_PlayerKills" PRIMARY KEY ("Id"),
    CONSTRAINT "FK_mtots_PlayerKills_mtots_Players_PlayerId" FOREIGN KEY ("PlayerId") REFERENCES "mtots_Players" ("Id") ON DELETE CASCADE,
    CONSTRAINT "FK_mtots_PlayerKills_mtots_Players_TargetId" FOREIGN KEY ("TargetId") REFERENCES "mtots_Players" ("Id")
)';
END;
/

BEGIN
EXECUTE IMMEDIATE 'CREATE TABLE
"mtots_PlayerOutfits" (
    "PlayerId" NUMBER(10) NOT NULL,
    "OutfitId" NUMBER(10) NOT NULL,
    "OutfitAddon" NUMBER(10) NOT NULL,
    CONSTRAINT "PK_mtots_PlayerOutfits" PRIMARY KEY ("PlayerId", "OutfitId"),
    CONSTRAINT "FK_mtots_PlayerOutfits_mtots_Players_PlayerId" FOREIGN KEY ("PlayerId") REFERENCES "mtots_Players" ("Id") ON DELETE CASCADE
)';
END;
/

BEGIN
EXECUTE IMMEDIATE 'CREATE TABLE
"mtots_PlayerSpells" (
    "PlayerId" NUMBER(10) NOT NULL,
    "Name" NVARCHAR2(255) NOT NULL,
    CONSTRAINT "PK_mtots_PlayerSpells" PRIMARY KEY ("PlayerId", "Name"),
    CONSTRAINT "FK_mtots_PlayerSpells_mtots_Players_PlayerId" FOREIGN KEY ("PlayerId") REFERENCES "mtots_Players" ("Id") ON DELETE CASCADE
)';
END;
/

BEGIN
EXECUTE IMMEDIATE 'CREATE TABLE
"mtots_PlayerStorages" (
    "PlayerId" NUMBER(10) NOT NULL,
    "Key" NUMBER(10) NOT NULL,
    "Value" NUMBER(10) NOT NULL,
    CONSTRAINT "PK_mtots_PlayerStorages" PRIMARY KEY ("PlayerId", "Key"),
    CONSTRAINT "FK_mtots_PlayerStorages_mtots_Players_PlayerId" FOREIGN KEY ("PlayerId") REFERENCES "mtots_Players" ("Id") ON DELETE CASCADE
)';
END;
/

BEGIN
EXECUTE IMMEDIATE 'CREATE TABLE
"mtots_PlayerVips" (
    "PlayerId" NUMBER(10) NOT NULL,
    "VipId" NUMBER(10) NOT NULL,
    "Description" NVARCHAR2(2000),
    "IconId" NUMBER(10) NOT NULL,
    "NotifyLogin" NUMBER(1) NOT NULL,
    CONSTRAINT "PK_mtots_PlayerVips" PRIMARY KEY ("PlayerId", "VipId"),
    CONSTRAINT "FK_mtots_PlayerVips_mtots_Players_PlayerId" FOREIGN KEY ("PlayerId") REFERENCES "mtots_Players" ("Id") ON DELETE CASCADE,
    CONSTRAINT "FK_mtots_PlayerVips_mtots_Players_VipId" FOREIGN KEY ("VipId") REFERENCES "mtots_Players" ("Id")
)';
END;
/

BEGIN
EXECUTE IMMEDIATE 'CREATE TABLE
"mtots_RuleViolationReports" (
    "Id" NUMBER(10) GENERATED BY DEFAULT ON NULL AS IDENTITY NOT NULL,
    "PlayerId" NUMBER(10) NOT NULL,
    "Type" NUMBER(10) NOT NULL,
    "RuleViolation" NUMBER(10) NOT NULL,
    "Name" NVARCHAR2(255) NOT NULL,
    "Comment" NVARCHAR2(255) NOT NULL,
    "Translation" NVARCHAR2(255),
    "StatmentPlayerId" NUMBER(10),
    "Statment" NVARCHAR2(255),
    "StatmentDate" TIMESTAMP(7),
    "CreationDate" TIMESTAMP(7) NOT NULL,
    CONSTRAINT "PK_mtots_RuleViolationReports" PRIMARY KEY ("Id"),
    CONSTRAINT "FK_mtots_RuleViolationReports_mtots_Players_PlayerId" FOREIGN KEY ("PlayerId") REFERENCES "mtots_Players" ("Id") ON DELETE CASCADE,
    CONSTRAINT "FK_mtots_RuleViolationReports_mtots_Players_StatmentPlayerId" FOREIGN KEY ("StatmentPlayerId") REFERENCES "mtots_Players" ("Id")
)';
END;
/

BEGIN
EXECUTE IMMEDIATE 'CREATE TABLE
"mtots_GuildInvitations" (
    "GuildId" NUMBER(10) NOT NULL,
    "PlayerId" NUMBER(10) NOT NULL,
    "RankName" NVARCHAR2(255) NOT NULL,
    CONSTRAINT "PK_mtots_GuildInvitations" PRIMARY KEY ("GuildId", "PlayerId"),
    CONSTRAINT "FK_mtots_GuildInvitations_mtots_Guilds_GuildId" FOREIGN KEY ("GuildId") REFERENCES "mtots_Guilds" ("Id") ON DELETE CASCADE,
    CONSTRAINT "FK_mtots_GuildInvitations_mtots_Players_PlayerId" FOREIGN KEY ("PlayerId") REFERENCES "mtots_Players" ("Id") ON DELETE CASCADE
)';
END;
/

BEGIN
EXECUTE IMMEDIATE 'CREATE TABLE
"mtots_GuildMembers" (
    "GuildId" NUMBER(10) NOT NULL,
    "PlayerId" NUMBER(10) NOT NULL,
    "RankName" NVARCHAR2(255) NOT NULL,
    CONSTRAINT "PK_mtots_GuildMembers" PRIMARY KEY ("GuildId", "PlayerId"),
    CONSTRAINT "FK_mtots_GuildMembers_mtots_Guilds_GuildId" FOREIGN KEY ("GuildId") REFERENCES "mtots_Guilds" ("Id") ON DELETE CASCADE,
    CONSTRAINT "FK_mtots_GuildMembers_mtots_Players_PlayerId" FOREIGN KEY ("PlayerId") REFERENCES "mtots_Players" ("Id") ON DELETE CASCADE
)';
END;
/

BEGIN
EXECUTE IMMEDIATE 'CREATE TABLE
"mtots_HouseAccessLists" (
    "HouseId" NUMBER(10) NOT NULL,
    "ListId" NUMBER(10) NOT NULL,
    "Text" NVARCHAR2(2000) NOT NULL,
    CONSTRAINT "PK_mtots_HouseAccessLists" PRIMARY KEY ("HouseId", "ListId"),
    CONSTRAINT "FK_mtots_HouseAccessLists_mtots_Houses_HouseId" FOREIGN KEY ("HouseId") REFERENCES "mtots_Houses" ("Id") ON DELETE CASCADE
)';
END;
/

BEGIN
EXECUTE IMMEDIATE 'CREATE TABLE
"mtots_HouseItems" (
    "HouseId" NUMBER(10) NOT NULL,
    "SequenceId" NUMBER(19) NOT NULL,
    "ParentId" NUMBER(19) NOT NULL,
    "OpenTibiaId" NUMBER(10) NOT NULL,
    "Count" NUMBER(10) NOT NULL,
    "Attributes" RAW(2000),
    CONSTRAINT "PK_mtots_HouseItems" PRIMARY KEY ("HouseId", "SequenceId"),
    CONSTRAINT "FK_mtots_HouseItems_mtots_Houses_HouseId" FOREIGN KEY ("HouseId") REFERENCES "mtots_Houses" ("Id") ON DELETE CASCADE
)';
END;
/

BEGIN
INSERT INTO "mtots_Accounts" ("Id", "Name", "Password", "PremiumUntil")
VALUES (1, N'1', N'1', NULL);
END;
/

BEGIN
INSERT INTO "mtots_Motd" ("Id", "Message")
VALUES (1, N'MTOTS - An open Tibia server developed by mtanksl');
END;
/

BEGIN
INSERT INTO "mtots_ServerStorages" ("Key", "Value")
VALUES (N'PlayersPeek', N'0');
END;
/

BEGIN
INSERT INTO "mtots_Worlds" ("Id", "Ip", "Name", "Port")
VALUES (1, N'127.0.0.1', N'Cormaya', 7172);
END;
/

BEGIN
INSERT INTO "mtots_Players" ("Id", "AccountId", "BankAccount", "BaseOutfitAddon", "BaseOutfitBody", "BaseOutfitFeet", "BaseOutfitHead", "BaseOutfitId", "BaseOutfitItemId", "BaseOutfitLegs", "BaseOutfitMount", "BaseSpeed", "Capacity", "Direction", "Experience", "Gender", "Health", "Invisible", "Level", "Mana", "MaxCapacity", "MaxHealth", "MaxMana", "Name", "Rank", "SkillAxe", "SkillAxePoints", "SkillClub", "SkillClubPoints", "SkillDistance", "SkillDistancePoints", "SkillFish", "SkillFishPoints", "SkillFist", "SkillFistPoints", "SkillMagicLevel", "SkillMagicLevelPoints", "SkillShield", "SkillShieldPoints", "SkillSword", "SkillSwordPoints", "Soul", "SpawnX", "SpawnY", "SpawnZ", "Stamina", "TownX", "TownY", "TownZ", "Vocation", "WorldId")
VALUES (1, 1, 0, 0, 0, 0, 0, 75, 0, 0, 0, 2218, 139000, 2, 15694800, 0, 645, 0, 100, 550, 139000, 645, 550, N'Gamemaster', 2, 10, 0, 10, 0, 10, 0, 10, 0, 10, 0, 0, 0, 10, 0, 10, 0, 100, 921, 771, 6, 2520, 921, 771, 6, 0, 1);
INSERT INTO "mtots_Players" ("Id", "AccountId", "BankAccount", "BaseOutfitAddon", "BaseOutfitBody", "BaseOutfitFeet", "BaseOutfitHead", "BaseOutfitId", "BaseOutfitItemId", "BaseOutfitLegs", "BaseOutfitMount", "BaseSpeed", "Capacity", "Direction", "Experience", "Gender", "Health", "Invisible", "Level", "Mana", "MaxCapacity", "MaxHealth", "MaxMana", "Name", "Rank", "SkillAxe", "SkillAxePoints", "SkillClub", "SkillClubPoints", "SkillDistance", "SkillDistancePoints", "SkillFish", "SkillFishPoints", "SkillFist", "SkillFistPoints", "SkillMagicLevel", "SkillMagicLevelPoints", "SkillShield", "SkillShieldPoints", "SkillSword", "SkillSwordPoints", "Soul", "SpawnX", "SpawnY", "SpawnZ", "Stamina", "TownX", "TownY", "TownZ", "Vocation", "WorldId")
VALUES (2, 1, 0, 0, 0, 0, 0, 131, 0, 0, 0, 418, 132900, 2, 15694800, 0, 1565, 0, 100, 550, 139000, 1565, 550, N'Knight', 0, 10, 0, 10, 0, 10, 0, 10, 0, 10, 0, 4, 0, 80, 0, 90, 0, 100, 921, 771, 6, 2520, 921, 771, 6, 1, 1);
INSERT INTO "mtots_Players" ("Id", "AccountId", "BankAccount", "BaseOutfitAddon", "BaseOutfitBody", "BaseOutfitFeet", "BaseOutfitHead", "BaseOutfitId", "BaseOutfitItemId", "BaseOutfitLegs", "BaseOutfitMount", "BaseSpeed", "Capacity", "Direction", "Experience", "Gender", "Health", "Invisible", "Level", "Mana", "MaxCapacity", "MaxHealth", "MaxMana", "Name", "Rank", "SkillAxe", "SkillAxePoints", "SkillClub", "SkillClubPoints", "SkillDistance", "SkillDistancePoints", "SkillFish", "SkillFishPoints", "SkillFist", "SkillFistPoints", "SkillMagicLevel", "SkillMagicLevelPoints", "SkillShield", "SkillShieldPoints", "SkillSword", "SkillSwordPoints", "Soul", "SpawnX", "SpawnY", "SpawnZ", "Stamina", "TownX", "TownY", "TownZ", "Vocation", "WorldId")
VALUES (3, 1, 0, 0, 0, 0, 0, 129, 0, 0, 0, 418, 132900, 2, 15694800, 0, 1105, 0, 100, 1470, 139000, 1105, 1470, N'Paladin', 0, 10, 0, 10, 0, 70, 0, 10, 0, 10, 0, 15, 0, 40, 0, 10, 0, 100, 921, 771, 6, 2520, 921, 771, 6, 2, 1);
INSERT INTO "mtots_Players" ("Id", "AccountId", "BankAccount", "BaseOutfitAddon", "BaseOutfitBody", "BaseOutfitFeet", "BaseOutfitHead", "BaseOutfitId", "BaseOutfitItemId", "BaseOutfitLegs", "BaseOutfitMount", "BaseSpeed", "Capacity", "Direction", "Experience", "Gender", "Health", "Invisible", "Level", "Mana", "MaxCapacity", "MaxHealth", "MaxMana", "Name", "Rank", "SkillAxe", "SkillAxePoints", "SkillClub", "SkillClubPoints", "SkillDistance", "SkillDistancePoints", "SkillFish", "SkillFishPoints", "SkillFist", "SkillFistPoints", "SkillMagicLevel", "SkillMagicLevelPoints", "SkillShield", "SkillShieldPoints", "SkillSword", "SkillSwordPoints", "Soul", "SpawnX", "SpawnY", "SpawnZ", "Stamina", "TownX", "TownY", "TownZ", "Vocation", "WorldId")
VALUES (4, 1, 0, 0, 0, 0, 0, 130, 0, 0, 0, 418, 132900, 2, 15694800, 0, 645, 0, 100, 2850, 139000, 645, 2850, N'Sorcerer', 0, 10, 0, 10, 0, 10, 0, 10, 0, 10, 0, 60, 0, 10, 0, 10, 0, 100, 921, 771, 6, 2520, 921, 771, 6, 4, 1);
INSERT INTO "mtots_Players" ("Id", "AccountId", "BankAccount", "BaseOutfitAddon", "BaseOutfitBody", "BaseOutfitFeet", "BaseOutfitHead", "BaseOutfitId", "BaseOutfitItemId", "BaseOutfitLegs", "BaseOutfitMount", "BaseSpeed", "Capacity", "Direction", "Experience", "Gender", "Health", "Invisible", "Level", "Mana", "MaxCapacity", "MaxHealth", "MaxMana", "Name", "Rank", "SkillAxe", "SkillAxePoints", "SkillClub", "SkillClubPoints", "SkillDistance", "SkillDistancePoints", "SkillFish", "SkillFishPoints", "SkillFist", "SkillFistPoints", "SkillMagicLevel", "SkillMagicLevelPoints", "SkillShield", "SkillShieldPoints", "SkillSword", "SkillSwordPoints", "Soul", "SpawnX", "SpawnY", "SpawnZ", "Stamina", "TownX", "TownY", "TownZ", "Vocation", "WorldId")
VALUES (5, 1, 0, 0, 0, 0, 0, 130, 0, 0, 0, 418, 132900, 2, 15694800, 0, 645, 0, 100, 2850, 139000, 645, 2850, N'Druid', 0, 10, 0, 10, 0, 10, 0, 10, 0, 10, 0, 60, 0, 10, 0, 10, 0, 100, 921, 771, 6, 2520, 921, 771, 6, 3, 1);
END;
/

BEGIN
INSERT INTO "mtots_PlayerItems" ("PlayerId", "SequenceId", "Attributes", "Count", "OpenTibiaId", "ParentId")
VALUES (1, 101, NULL, 1, 1987, 3);
INSERT INTO "mtots_PlayerItems" ("PlayerId", "SequenceId", "Attributes", "Count", "OpenTibiaId", "ParentId")
VALUES (1, 102, NULL, 1, 2120, 101);
INSERT INTO "mtots_PlayerItems" ("PlayerId", "SequenceId", "Attributes", "Count", "OpenTibiaId", "ParentId")
VALUES (1, 103, NULL, 1, 2554, 101);
INSERT INTO "mtots_PlayerItems" ("PlayerId", "SequenceId", "Attributes", "Count", "OpenTibiaId", "ParentId")
VALUES (2, 101, NULL, 1, 1987, 3);
INSERT INTO "mtots_PlayerItems" ("PlayerId", "SequenceId", "Attributes", "Count", "OpenTibiaId", "ParentId")
VALUES (2, 102, NULL, 1, 2120, 101);
INSERT INTO "mtots_PlayerItems" ("PlayerId", "SequenceId", "Attributes", "Count", "OpenTibiaId", "ParentId")
VALUES (2, 103, NULL, 1, 2554, 101);
INSERT INTO "mtots_PlayerItems" ("PlayerId", "SequenceId", "Attributes", "Count", "OpenTibiaId", "ParentId")
VALUES (3, 101, NULL, 1, 1987, 3);
INSERT INTO "mtots_PlayerItems" ("PlayerId", "SequenceId", "Attributes", "Count", "OpenTibiaId", "ParentId")
VALUES (3, 102, NULL, 1, 2120, 101);
INSERT INTO "mtots_PlayerItems" ("PlayerId", "SequenceId", "Attributes", "Count", "OpenTibiaId", "ParentId")
VALUES (3, 103, NULL, 1, 2554, 101);
INSERT INTO "mtots_PlayerItems" ("PlayerId", "SequenceId", "Attributes", "Count", "OpenTibiaId", "ParentId")
VALUES (4, 101, NULL, 1, 1987, 3);
INSERT INTO "mtots_PlayerItems" ("PlayerId", "SequenceId", "Attributes", "Count", "OpenTibiaId", "ParentId")
VALUES (4, 102, NULL, 1, 2120, 101);
INSERT INTO "mtots_PlayerItems" ("PlayerId", "SequenceId", "Attributes", "Count", "OpenTibiaId", "ParentId")
VALUES (4, 103, NULL, 1, 2554, 101);
INSERT INTO "mtots_PlayerItems" ("PlayerId", "SequenceId", "Attributes", "Count", "OpenTibiaId", "ParentId")
VALUES (5, 101, NULL, 1, 1987, 3);
INSERT INTO "mtots_PlayerItems" ("PlayerId", "SequenceId", "Attributes", "Count", "OpenTibiaId", "ParentId")
VALUES (5, 102, NULL, 1, 2120, 101);
INSERT INTO "mtots_PlayerItems" ("PlayerId", "SequenceId", "Attributes", "Count", "OpenTibiaId", "ParentId")
VALUES (5, 103, NULL, 1, 2554, 101);
END;
/

BEGIN
INSERT INTO "mtots_PlayerOutfits" ("OutfitId", "PlayerId", "OutfitAddon")
VALUES (128, 1, 0);
INSERT INTO "mtots_PlayerOutfits" ("OutfitId", "PlayerId", "OutfitAddon")
VALUES (129, 1, 0);
INSERT INTO "mtots_PlayerOutfits" ("OutfitId", "PlayerId", "OutfitAddon")
VALUES (130, 1, 0);
INSERT INTO "mtots_PlayerOutfits" ("OutfitId", "PlayerId", "OutfitAddon")
VALUES (131, 1, 0);
INSERT INTO "mtots_PlayerOutfits" ("OutfitId", "PlayerId", "OutfitAddon")
VALUES (128, 2, 0);
INSERT INTO "mtots_PlayerOutfits" ("OutfitId", "PlayerId", "OutfitAddon")
VALUES (129, 2, 0);
INSERT INTO "mtots_PlayerOutfits" ("OutfitId", "PlayerId", "OutfitAddon")
VALUES (130, 2, 0);
INSERT INTO "mtots_PlayerOutfits" ("OutfitId", "PlayerId", "OutfitAddon")
VALUES (131, 2, 0);
INSERT INTO "mtots_PlayerOutfits" ("OutfitId", "PlayerId", "OutfitAddon")
VALUES (128, 3, 0);
INSERT INTO "mtots_PlayerOutfits" ("OutfitId", "PlayerId", "OutfitAddon")
VALUES (129, 3, 0);
INSERT INTO "mtots_PlayerOutfits" ("OutfitId", "PlayerId", "OutfitAddon")
VALUES (130, 3, 0);
INSERT INTO "mtots_PlayerOutfits" ("OutfitId", "PlayerId", "OutfitAddon")
VALUES (131, 3, 0);
INSERT INTO "mtots_PlayerOutfits" ("OutfitId", "PlayerId", "OutfitAddon")
VALUES (128, 4, 0);
INSERT INTO "mtots_PlayerOutfits" ("OutfitId", "PlayerId", "OutfitAddon")
VALUES (129, 4, 0);
INSERT INTO "mtots_PlayerOutfits" ("OutfitId", "PlayerId", "OutfitAddon")
VALUES (130, 4, 0);
INSERT INTO "mtots_PlayerOutfits" ("OutfitId", "PlayerId", "OutfitAddon")
VALUES (131, 4, 0);
INSERT INTO "mtots_PlayerOutfits" ("OutfitId", "PlayerId", "OutfitAddon")
VALUES (128, 5, 0);
INSERT INTO "mtots_PlayerOutfits" ("OutfitId", "PlayerId", "OutfitAddon")
VALUES (129, 5, 0);
INSERT INTO "mtots_PlayerOutfits" ("OutfitId", "PlayerId", "OutfitAddon")
VALUES (130, 5, 0);
INSERT INTO "mtots_PlayerOutfits" ("OutfitId", "PlayerId", "OutfitAddon")
VALUES (131, 5, 0);
END;
/

CREATE INDEX "IX_mtots_Bans_AccountId" ON "mtots_Bans" ("AccountId")
/

CREATE INDEX "IX_mtots_Bans_PlayerId" ON "mtots_Bans" ("PlayerId")
/

CREATE INDEX "IX_mtots_BugReports_PlayerId" ON "mtots_BugReports" ("PlayerId")
/

CREATE INDEX "IX_mtots_DebugAsserts_PlayerId" ON "mtots_DebugAsserts" ("PlayerId")
/

CREATE INDEX "IX_mtots_GuildInvitations_PlayerId" ON "mtots_GuildInvitations" ("PlayerId")
/

CREATE INDEX "IX_mtots_GuildMembers_PlayerId" ON "mtots_GuildMembers" ("PlayerId")
/

CREATE INDEX "IX_mtots_Guilds_LeaderId" ON "mtots_Guilds" ("LeaderId")
/

CREATE INDEX "IX_mtots_Houses_OwnerId" ON "mtots_Houses" ("OwnerId")
/

CREATE INDEX "IX_mtots_PlayerDeaths_AttackerId" ON "mtots_PlayerDeaths" ("AttackerId")
/

CREATE INDEX "IX_mtots_PlayerDeaths_PlayerId" ON "mtots_PlayerDeaths" ("PlayerId")
/

CREATE INDEX "IX_mtots_PlayerKills_PlayerId" ON "mtots_PlayerKills" ("PlayerId")
/

CREATE INDEX "IX_mtots_PlayerKills_TargetId" ON "mtots_PlayerKills" ("TargetId")
/

CREATE INDEX "IX_mtots_Players_AccountId" ON "mtots_Players" ("AccountId")
/

CREATE INDEX "IX_mtots_Players_WorldId" ON "mtots_Players" ("WorldId")
/

CREATE INDEX "IX_mtots_PlayerVips_VipId" ON "mtots_PlayerVips" ("VipId")
/

CREATE INDEX "IX_mtots_RuleViolationReports_PlayerId" ON "mtots_RuleViolationReports" ("PlayerId")
/

CREATE INDEX "IX_mtots_RuleViolationReports_StatmentPlayerId" ON "mtots_RuleViolationReports" ("StatmentPlayerId")
/

--

ALTER TABLE "mtots_RuleViolationReports" ADD "StatmentIPAddress" NVARCHAR2(255) NOT NULL
/

BEGIN
EXECUTE IMMEDIATE 'CREATE TABLE
"mtots_RuleViolations" (
    "Id" NUMBER(10) GENERATED BY DEFAULT ON NULL AS IDENTITY NOT NULL,
    "PlayerId" NUMBER(10) NOT NULL,
    "Name" NVARCHAR2(255) NOT NULL,
    "Reason" NUMBER(3) NOT NULL,
    "Action" NUMBER(3) NOT NULL,
    "Comment" NVARCHAR2(255) NOT NULL,
    "StatmentPlayerId" NUMBER(10),
    "Statment" NVARCHAR2(255),
    "StatmentDate" TIMESTAMP(7),
    "StatmentIPAddress" NVARCHAR2(255) NOT NULL,
    "IPAddressBanishment" NUMBER(1) NOT NULL,
    "CreationDate" TIMESTAMP(7) NOT NULL,
    CONSTRAINT "PK_mtots_RuleViolations" PRIMARY KEY ("Id"),
    CONSTRAINT "FK_mtots_RuleViolations_mtots_Players_PlayerId" FOREIGN KEY ("PlayerId") REFERENCES "mtots_Players" ("Id") ON DELETE CASCADE,
    CONSTRAINT "FK_mtots_RuleViolations_mtots_Players_StatmentPlayerId" FOREIGN KEY ("StatmentPlayerId") REFERENCES "mtots_Players" ("Id")
)';
END;
/

CREATE INDEX "IX_mtots_RuleViolations_PlayerId" ON "mtots_RuleViolations" ("PlayerId")
/

CREATE INDEX "IX_mtots_RuleViolations_StatmentPlayerId" ON "mtots_RuleViolations" ("StatmentPlayerId")
/